{
  "train": {
    "accuracy": 0.9958333333333333,
    "precision_macro": 0.9969390878481788,
    "recall_macro": 0.9969390878481788,
    "f1_macro": 0.9969390878481788,
    "f1_weighted": 0.9958333333333333
  },
  "test": {
    "accuracy": 0.975,
    "precision_macro": 0.9823028673835125,
    "recall_macro": 0.9809300769488122,
    "f1_macro": 0.9815606403486715,
    "f1_weighted": 0.9749727600368787,
    "per_class": {
      "precision": [
        0.967741935483871,
        0.9791666666666666,
        1.0
      ],
      "recall": [
        0.9836065573770492,
        0.9591836734693877,
        1.0
      ],
      "f1_score": [
        0.975609756097561,
        0.9690721649484536,
        1.0
      ]
    }
  },
  "overfitting": {
    "train_test_gap": 0.02083333333333337,
    "status": "good"
  },
  "confusion_matrix": [
    [
      60,
      1,
      0
    ],
    [
      2,
      47,
      0
    ],
    [
      0,
      0,
      10
    ]
  ],
  "confusion_matrix_percent": [
    [
      98.36065573770492,
      1.639344262295082,
      0.0
    ],
    [
      4.081632653061225,
      95.91836734693877,
      0.0
    ],
    [
      0.0,
      0.0,
      100.0
    ]
  ],
  "classification_report": {
    "0": {
      "precision": 0.967741935483871,
      "recall": 0.9836065573770492,
      "f1-score": 0.975609756097561,
      "support": 61.0
    },
    "1": {
      "precision": 0.9791666666666666,
      "recall": 0.9591836734693877,
      "f1-score": 0.9690721649484536,
      "support": 49.0
    },
    "2": {
      "precision": 1.0,
      "recall": 1.0,
      "f1-score": 1.0,
      "support": 10.0
    },
    "accuracy": 0.975,
    "macro avg": {
      "precision": 0.9823028673835125,
      "recall": 0.9809300769488122,
      "f1-score": 0.9815606403486715,
      "support": 120.0
    },
    "weighted avg": {
      "precision": 0.9750952060931899,
      "recall": 0.975,
      "f1-score": 0.9749727600368787,
      "support": 120.0
    }
  },
  "monitoring_kpi": {
    "degraded_recall": 0.9591836734693877,
    "retraining_threshold": 0.55,
    "trigger_retraining": false
  }
}