{
  "train": {
    "accuracy": 0.9958333333333333,
    "precision_macro": 0.9944444444444445,
    "recall_macro": 0.9978213507625272,
    "f1_macro": 0.9961059833769573,
    "f1_weighted": 0.9958440097350416
  },
  "test": {
    "accuracy": 0.9583333333333334,
    "precision_macro": 0.9641909814323607,
    "recall_macro": 0.9384711779448622,
    "f1_macro": 0.9507477247590241,
    "f1_weighted": 0.9580423552174965,
    "per_class": {
      "precision": [
        0.9615384615384616,
        0.9310344827586207,
        1.0
      ],
      "recall": [
        0.9868421052631579,
        0.9,
        0.9285714285714286
      ],
      "f1_score": [
        0.974025974025974,
        0.9152542372881356,
        0.9629629629629629
      ]
    }
  },
  "overfitting": {
    "train_test_gap": 0.03749999999999998,
    "status": "good"
  },
  "confusion_matrix": [
    [
      75,
      1,
      0
    ],
    [
      3,
      27,
      0
    ],
    [
      0,
      1,
      13
    ]
  ],
  "confusion_matrix_percent": [
    [
      98.68421052631578,
      1.3157894736842104,
      0.0
    ],
    [
      10.0,
      90.0,
      0.0
    ],
    [
      0.0,
      7.142857142857142,
      92.85714285714286
    ]
  ],
  "classification_report": {
    "0": {
      "precision": 0.9615384615384616,
      "recall": 0.9868421052631579,
      "f1-score": 0.974025974025974,
      "support": 76.0
    },
    "1": {
      "precision": 0.9310344827586207,
      "recall": 0.9,
      "f1-score": 0.9152542372881356,
      "support": 30.0
    },
    "2": {
      "precision": 1.0,
      "recall": 0.9285714285714286,
      "f1-score": 0.9629629629629629,
      "support": 14.0
    },
    "accuracy": 0.9583333333333334,
    "macro avg": {
      "precision": 0.9641909814323607,
      "recall": 0.9384711779448622,
      "f1-score": 0.9507477247590241,
      "support": 120.0
    },
    "weighted avg": {
      "precision": 0.9583996463306809,
      "recall": 0.9583333333333334,
      "f1-score": 0.9580423552174965,
      "support": 120.0
    }
  }
}