{
  "train": {
    "accuracy": 0.9333333333333333,
    "precision_macro": 0.9242081369318261,
    "recall_macro": 0.9210626644240306,
    "f1_macro": 0.9224247459798169,
    "f1_weighted": 0.9336337868480726
  },
  "test": {
    "accuracy": 0.8333333333333334,
    "precision_macro": 0.7951388888888888,
    "recall_macro": 0.8167388167388167,
    "f1_macro": 0.8014146772767462,
    "f1_weighted": 0.8286118479221928,
    "per_class": {
      "precision": [
        0.90625,
        0.6666666666666666,
        0.8125
      ],
      "recall": [
        0.8787878787878788,
        0.5714285714285714,
        1.0
      ],
      "f1_score": [
        0.8923076923076924,
        0.6153846153846154,
        0.896551724137931
      ]
    }
  },
  "overfitting": {
    "train_test_gap": 0.09999999999999998,
    "status": "good"
  },
  "confusion_matrix": [
    [
      29,
      4,
      0
    ],
    [
      3,
      8,
      3
    ],
    [
      0,
      0,
      13
    ]
  ],
  "confusion_matrix_percent": [
    [
      87.87878787878788,
      12.121212121212121,
      0.0
    ],
    [
      21.428571428571427,
      57.14285714285714,
      21.428571428571427
    ],
    [
      0.0,
      0.0,
      100.0
    ]
  ],
  "classification_report": {
    "0": {
      "precision": 0.90625,
      "recall": 0.8787878787878788,
      "f1-score": 0.8923076923076924,
      "support": 33.0
    },
    "1": {
      "precision": 0.6666666666666666,
      "recall": 0.5714285714285714,
      "f1-score": 0.6153846153846154,
      "support": 14.0
    },
    "2": {
      "precision": 0.8125,
      "recall": 1.0,
      "f1-score": 0.896551724137931,
      "support": 13.0
    },
    "accuracy": 0.8333333333333334,
    "macro avg": {
      "precision": 0.7951388888888888,
      "recall": 0.8167388167388167,
      "f1-score": 0.8014146772767462,
      "support": 60.0
    },
    "weighted avg": {
      "precision": 0.8300347222222222,
      "recall": 0.8333333333333334,
      "f1-score": 0.8286118479221928,
      "support": 60.0
    }
  },
  "monitoring_kpi": {
    "degraded_recall": 0.5714285714285714,
    "retraining_threshold": 0.55,
    "trigger_retraining": false
  }
}