{
  "train": {
    "accuracy": 0.9125,
    "precision_macro": 0.8725490196078431,
    "recall_macro": 0.9269693842449261,
    "f1_macro": 0.8955678694158076,
    "f1_weighted": 0.9155204252577319
  },
  "test": {
    "accuracy": 0.8166666666666667,
    "precision_macro": 0.7873931623931624,
    "recall_macro": 0.7803884711779449,
    "f1_macro": 0.7835698252364919,
    "f1_weighted": 0.8142456309122976,
    "per_class": {
      "precision": [
        0.8717948717948718,
        0.6153846153846154,
        0.875
      ],
      "recall": [
        0.8947368421052632,
        0.5714285714285714,
        0.875
      ],
      "f1_score": [
        0.8831168831168831,
        0.5925925925925926,
        0.875
      ]
    }
  },
  "overfitting": {
    "train_test_gap": 0.09583333333333333,
    "status": "good"
  },
  "confusion_matrix": [
    [
      34,
      4,
      0
    ],
    [
      5,
      8,
      1
    ],
    [
      0,
      1,
      7
    ]
  ],
  "confusion_matrix_percent": [
    [
      89.47368421052632,
      10.526315789473683,
      0.0
    ],
    [
      35.714285714285715,
      57.14285714285714,
      7.142857142857142
    ],
    [
      0.0,
      12.5,
      87.5
    ]
  ],
  "classification_report": {
    "0": {
      "precision": 0.8717948717948718,
      "recall": 0.8947368421052632,
      "f1-score": 0.8831168831168831,
      "support": 38.0
    },
    "1": {
      "precision": 0.6153846153846154,
      "recall": 0.5714285714285714,
      "f1-score": 0.5925925925925926,
      "support": 14.0
    },
    "2": {
      "precision": 0.875,
      "recall": 0.875,
      "f1-score": 0.875,
      "support": 8.0
    },
    "accuracy": 0.8166666666666667,
    "macro avg": {
      "precision": 0.7873931623931624,
      "recall": 0.7803884711779449,
      "f1-score": 0.7835698252364919,
      "support": 60.0
    },
    "weighted avg": {
      "precision": 0.8123931623931625,
      "recall": 0.8166666666666667,
      "f1-score": 0.8142456309122976,
      "support": 60.0
    }
  },
  "monitoring_kpi": {
    "degraded_recall": 0.5714285714285714,
    "retraining_threshold": 0.55,
    "trigger_retraining": false
  }
}